state,year,co2_next_year,predicted_co2_next_year
AK,2012,34.298,36.497326
AK,2013,34.163,35.139343
AK,2014,35.073,34.463535
AK,2015,33.449,35.10044
AK,2016,33.778,32.63545
AK,2017,34.573,34.84376
AK,2018,34.459,34.91052
AK,2019,36.236,34.21373
AK,2020,39.969,35.548378
AK,2021,42.327,39.74929
AK,2022,43.365,40.921738
AK,2023,44.008,41.71818
AL,2012,120.33,120.056816
AL,2013,122.536,119.90618
AL,2014,118.91,119.766754
AL,2015,113.51,112.43386
AL,2016,108.168,112.91294
AL,2017,112.021,105.29833
AL,2018,106.084,107.119415
AL,2019,98.168,103.28677
AL,2020,108.543,98.70046
AL,2021,109.576,107.09496
AL,2022,101.009,105.06702
AL,2023,104.323,101.67093
AR,2012,68.299,63.85301
AR,2013,68.736,65.492775
AR,2014,58.801,66.664894
AR,2015,61.788,62.688366
AR,2016,63.851,59.711815
AR,2017,70.495,63.268253
AR,2018,64.891,68.90794
AR,2019,54.541,63.781647
AR,2020,61.836,60.65484
AR,2021,63.372,59.990417
AR,2022,60.456,63.058468
AR,2023,58.415,61.73143
AZ,2012,99.334,94.10313
AZ,2013,97.323,97.4561
AZ,2014,94.934,94.44155
AZ,2015,90.83,95.58788
AZ,2016,90.454,92.481575
AZ,2017,94.042,90.7709
AZ,2018,92.514,91.394104
AZ,2019,80.147,92.11164
AZ,2020,82.897,82.860466
AZ,2021,80.462,81.42893
AZ,2022,83.286,79.24285
AZ,2023,82.197,81.105515
CA,2012,347.528,338.12686
CA,2013,343.268,345.33957
CA,2014,347.36,343.7699
CA,2015,348.957,338.7463
CA,2016,352.385,333.3564
CA,2017,355.096,333.31827
CA,2018,355.017,339.19363
CA,2019,300.104,342.45026
CA,2020,322.322,305.83517
CA,2021,324.564,309.34326
CA,2022,324.499,305.0637
CA,2023,315.984,301.68918
CO,2012,92.054,89.48547
CO,2013,92.659,92.442856
CO,2014,91.023,91.774734
CO,2015,88.089,89.76558
CO,2016,88.447,85.73393
CO,2017,89.672,87.99111
CO,2018,91.371,87.27023
CO,2019,79.569,90.62386
CO,2020,84.878,82.61267
CO,2021,86.558,85.16863
CO,2022,82.449,82.55554
CO,2023,79.572,80.14353
CT,2012,34.595,33.435844
CT,2013,34.934,33.81735
CT,2014,36.244,33.970898
CT,2015,33.694,34.653187
CT,2016,33.469,33.353493
CT,2017,36.957,33.372
CT,2018,36.248,35.85129
CT,2019,33.443,34.93572
CT,2020,36.24,33.39599
CT,2021,36.985,35.990005
CT,2022,36.041,35.97999
CT,2023,37.092,35.60955
DC,2012,2.819,3.427984
DC,2013,3.008,4.267528
DC,2014,2.953,4.174861
DC,2015,2.751,3.9472568
DC,2016,2.58,3.747714
DC,2017,2.852,3.8089478
DC,2018,2.801,4.47302
DC,2019,2.395,4.0058517
DC,2020,2.583,3.4563806
DC,2021,2.648,4.4606857
DC,2022,2.457,3.8985205
DC,2023,2.506,3.6596093
DE,2012,14.038,14.331598
DE,2013,13.772,14.535695
DE,2014,13.87,14.287213
DE,2015,14.374,14.367317
DE,2016,13.724,14.175477
DE,2017,13.947,14.184599
DE,2018,13.572,13.0490265
DE,2019,12.192,13.806195
DE,2020,12.688,11.682214
DE,2021,12.719,12.342616
DE,2022,12.2,12.476013
DE,2023,11.523,11.700775
FL,2012,226.501,215.4123
FL,2013,232.579,225.52206
FL,2014,236.685,229.84535
FL,2015,237.81,228.60228
FL,2016,237.498,234.04599
FL,2017,241.154,227.66797
FL,2018,232.922,235.48929
FL,2019,207.02,227.88046
FL,2020,225.711,218.32068
FL,2021,231.5,210.94037
FL,2022,229.833,225.70915
FL,2023,230.847,224.13205
GA,2012,142.644,140.2383
GA,2013,147.875,140.12021
GA,2014,145.274,133.8778
GA,2015,143.991,138.88246
GA,2016,141.265,138.80325
GA,2017,141.548,137.52432
GA,2018,136.268,136.01768
GA,2019,116.302,133.86212
GA,2020,123.963,118.4843
GA,2021,125.023,120.56359
GA,2022,127.675,119.87937
GA,2023,127.826,120.06301
HI,2012,19.94,18.943499
HI,2013,19.38,19.017225
HI,2014,19.544,18.424747
HI,2015,19.568,19.242428
HI,2016,20.161,18.932838
HI,2017,20.045,18.97854
HI,2018,20.293,18.966274
HI,2019,14.737,19.446997
HI,2020,17.178,16.718575
HI,2021,18.103,18.098629
HI,2022,17.967,16.776627
HI,2023,17.955,16.657654
IA,2012,80.662,79.400314
IA,2013,81.573,79.83624
IA,2014,75.344,80.345375
IA,2015,71.905,75.62348
IA,2016,73.839,71.44398
IA,2017,79.855,70.86751
IA,2018,75.125,75.70127
IA,2019,63.357,73.03481
IA,2020,71.166,69.47367
IA,2021,71.577,66.71245
IA,2022,67.89,68.047485
IA,2023,65.232,64.778824
ID,2012,17.252,15.178502
ID,2013,16.846,16.454765
ID,2014,18.016,15.69178
ID,2015,18.284,17.956657
ID,2016,18.664,17.019257
ID,2017,18.994,17.311049
ID,2018,20.026,18.041353
ID,2019,19.323,18.432505
ID,2020,20.437,18.028746
ID,2021,20.872,20.104292
ID,2022,21.819,20.276766
ID,2023,21.105,20.344036
IL,2012,231.938,208.90582
IL,2013,234.908,220.54543
IL,2014,216.869,224.8399
IL,2015,205.223,215.56479
IL,2016,203.549,202.24934
IL,2017,210.49,199.79785
IL,2018,201.21,204.786
IL,2019,167.731,195.97638
IL,2020,182.652,187.01445
IL,2021,183.07,167.11092
IL,2022,166.195,162.91199
IL,2023,163.981,162.20337
IN,2012,199.708,195.67729
IN,2013,205.455,188.5134
IN,2014,186.616,186.96812
IN,2015,181.047,187.6683
IN,2016,175.199,166.91458
IN,2017,188.552,156.53006
IN,2018,175.82,166.84943
IN,2019,153.976,165.95769
IN,2020,165.787,158.50612
IN,2021,163.535,152.49434
IN,2022,153.606,155.5789
IN,2023,152.299,150.96777
KS,2012,69.639,64.524155
KS,2013,70.213,67.94323
KS,2014,64.276,67.58069
KS,2015,62.302,63.6876
KS,2016,58.75,62.730583
KS,2017,62.6,60.913074
KS,2018,60.333,61.00042
KS,2019,57.574,61.239197
KS,2020,59.657,59.340466
KS,2021,62.417,57.470192
KS,2022,56.919,60.80001
KS,2023,55.09,59.00327
KY,2012,138.832,142.28737
KY,2013,139.575,134.30038
KY,2014,130.455,132.68822
KY,2015,125.79,129.80644
KY,2016,115.807,124.517265
KY,2017,121.764,114.40575
KY,2018,114.553,118.75652
KY,2019,101.056,111.92685
KY,2020,110.651,106.59284
KY,2021,109.644,106.53338
KY,2022,104.56,106.51429
KY,2023,106.871,101.60581
LA,2012,189.484,195.62291
LA,2013,186.807,179.48186
LA,2014,185.068,177.85223
LA,2015,188.498,173.81703
LA,2016,192.867,175.07182
LA,2017,194.305,177.02505
LA,2018,195.398,182.10614
LA,2019,183.341,182.57452
LA,2020,188.67,177.33728
LA,2021,193.627,175.3928
LA,2022,186.845,177.8053
LA,2023,186.893,176.96786
MA,2012,66.384,63.78806
MA,2013,64.865,66.765976
MA,2014,66.605,62.89127
MA,2015,63.88,63.54573
MA,2016,64.532,61.905884
MA,2017,63.946,62.951515
MA,2018,63.224,62.742794
MA,2019,52.16,62.432144
MA,2020,56.074,57.281746
MA,2021,59.312,57.65005
MA,2022,56.742,57.603645
MA,2023,58.072,57.500343
MD,2012,61.475,61.85159
MD,2013,64.043,61.983864
MD,2014,62.052,64.02322
MD,2015,60.175,62.17668
MD,2016,54.771,61.270416
MD,2017,61.459,58.066517
MD,2018,56.702,59.13737
MD,2019,47.778,58.519684
MD,2020,52.31,53.048943
MD,2021,50.639,52.032158
MD,2022,48.977,51.28217
MD,2023,48.766,50.95341
ME,2012,16.337,15.1958065
ME,2013,16.417,15.636956
ME,2014,16.627,15.300326
ME,2015,16.074,16.446892
ME,2016,15.274,15.915163
ME,2017,14.707,14.565662
ME,2018,14.393,14.678676
ME,2019,13.456,14.8200445
ME,2020,14.372,14.113523
ME,2021,14.991,13.766945
ME,2022,15.378,14.779179
ME,2023,15.994,14.792318
MI,2012,163.922,149.68256
MI,2013,163.804,149.72015
MI,2014,164.139,151.9292
MI,2015,154.055,153.2545
MI,2016,155.278,149.5865
MI,2017,163.322,146.5983
MI,2018,159.031,147.18419
MI,2019,136.558,148.89746
MI,2020,147.662,139.18097
MI,2021,154.36,138.8717
MI,2022,140.979,141.63977
MI,2023,143.105,136.04419
MN,2012,90.405,83.38448
MN,2013,95.326,87.48219
MN,2014,88.53,89.795654
MN,2015,90.232,87.70615
MN,2016,90.418,91.08017
MN,2017,93.512,85.905045
MN,2018,90.663,90.14722
MN,2019,77.11,84.27693
MN,2020,82.587,80.91526
MN,2021,84.259,81.6262
MN,2022,80.817,80.38952
MN,2023,77.89,74.99319
MO,2012,133.642,126.44495
MO,2013,133.168,125.935776
MO,2014,124.375,129.26816
MO,2015,118.509,125.02888
MO,2016,124.042,114.2494
MO,2017,124.378,113.36935
MO,2018,116.668,116.442085
MO,2019,108.354,108.60295
MO,2020,116.558,105.31185
MO,2021,113.1,112.08813
MO,2022,101.275,108.61105
MO,2023,98.033,103.52403
MS,2012,56.96,57.664246
MS,2013,59.675,56.941784
MS,2014,61.079,58.370632
MS,2015,61.976,60.02844
MS,2016,60.161,59.941547
MS,2017,62.974,61.710827
MS,2018,62.4,62.436333
MS,2019,62.938,61.762238
MS,2020,62.836,61.222523
MS,2021,65.056,62.42573
MS,2022,63.914,64.21761
MS,2023,64.747,62.86582
MT,2012,32.155,28.992579
MT,2013,32.604,30.701782
MT,2014,32.535,30.71849
MT,2015,31.148,32.073463
MT,2016,31.27,30.316784
MT,2017,31.272,30.61027
MT,2018,32.321,30.052515
MT,2019,26.236,30.506895
MT,2020,28.497,28.928307
MT,2021,29.643,27.827698
MT,2022,29.414,28.528349
MT,2023,27.163,27.5992
NC,2012,125.864,124.097
NC,2013,128.958,120.93585
NC,2014,124.365,118.463905
NC,2015,124.324,116.728584
NC,2016,120.602,117.51569
NC,2017,123.708,113.22415
NC,2018,122.25,117.48543
NC,2019,106.175,114.44694
NC,2020,115.271,105.95122
NC,2021,116.811,107.38094
NC,2022,111.142,109.62114
NC,2023,119.073,101.78024
ND,2012,56.895,56.519596
ND,2013,58.921,57.33017
ND,2014,57.55,58.00577
ND,2015,54.524,56.30178
ND,2016,56.453,54.83251
ND,2017,58.808,57.033997
ND,2018,56.804,57.46097
ND,2019,55.535,57.16925
ND,2020,56.219,55.814648
ND,2021,57.458,56.72684
ND,2022,54.453,57.621105
ND,2023,55.146,55.615158
NE,2012,53.354,51.726562
NE,2013,52.035,53.849422
NE,2014,50.531,53.308514
NE,2015,48.09,52.9266
NE,2016,47.598,50.917736
NE,2017,52.111,47.369766
NE,2018,50.333,51.73295
NE,2019,46.373,51.768574
NE,2020,47.106,47.626545
NE,2021,48.249,47.603523
NE,2022,45.527,47.645584
NE,2023,43.538,45.16266
NH,2012,14.409,13.578786
NH,2013,15.127,14.938875
NH,2014,15.239,15.086416
NH,2015,13.764,14.798758
NH,2016,13.468,13.274861
NH,2017,14.198,13.937581
NH,2018,13.907,12.5663395
NH,2019,12.381,13.408793
NH,2020,13.282,12.499447
NH,2021,13.818,12.965934
NH,2022,13.493,12.280388
NH,2023,13.602,13.454557
NJ,2012,100.197,97.460464
NJ,2013,104.629,96.94251
NJ,2014,103.332,97.57177
NJ,2015,105.123,97.089066
NJ,2016,98.947,99.63309
NJ,2017,104.718,97.81897
NJ,2018,100.578,101.26728
NJ,2019,83.511,98.39813
NJ,2020,88.746,92.06073
NJ,2021,92.749,86.81757
NJ,2022,91.419,88.80048
NJ,2023,87.844,85.808334
NM,2012,53.705,55.74066
NM,2013,50.536,55.438457
NM,2014,50.53,54.212612
NM,2015,48.692,50.847168
NM,2016,49.459,49.035763
NM,2017,45.681,47.375443
NM,2018,48.807,46.820145
NM,2019,45.095,49.144775
NM,2020,45.88,43.43064
NM,2021,46.622,45.055325
NM,2022,42.116,46.350033
NM,2023,41.631,43.59402
NV,2012,39.768,36.728077
NV,2013,40.583,37.900925
NV,2014,38.507,39.299896
NV,2015,39.963,36.6451
NV,2016,40.195,39.07272
NV,2017,41.373,38.920887
NV,2018,41.754,39.204906
NV,2019,36.212,39.553337
NV,2020,39.466,36.310574
NV,2021,40.465,38.852196
NV,2022,39.129,38.79819
NV,2023,39.278,37.386272
NY,2012,168.678,159.52948
NY,2013,175.796,155.69228
NY,2014,173.78,161.29688
NY,2015,169.387,162.41315
NY,2016,165.115,163.73485
NY,2017,174.168,159.14932
NY,2018,168.234,161.40065
NY,2019,142.643,154.3387
NY,2020,157.66,149.32658
NY,2021,166.232,144.79732
NY,2022,164.145,152.59236
NY,2023,163.685,154.57912
OH,2012,227.65,210.2079
OH,2013,229.407,218.30684
OH,2014,210.584,216.37166
OH,2015,204.515,202.51405
OH,2016,204.281,197.78934
OH,2017,208.249,196.85553
OH,2018,195.646,201.09451
OH,2019,184.865,193.32672
OH,2020,193.554,176.32332
OH,2021,196.405,174.46465
OH,2022,184.825,180.58876
OH,2023,186.335,173.82094
OK,2012,102.835,102.831436
OK,2013,104.297,101.51628
OK,2014,99.875,101.59705
OK,2015,95.539,99.52637
OK,2016,92.919,95.10059
OK,2017,98.07,94.15004
OK,2018,91.242,95.56128
OK,2019,83.962,92.64109
OK,2020,87.622,88.51049
OK,2021,86.977,83.77872
OK,2022,86.631,86.77001
OK,2023,88.558,86.15853
OR,2012,38.761,36.15225
OR,2013,37.579,38.534767
OR,2014,37.588,37.681484
OR,2015,37.199,36.545326
OR,2016,38.281,36.3431
OR,2017,39.051,38.103775
OR,2018,41.245,39.068005
OR,2019,36.813,39.79558
OR,2020,38.059,36.583622
OR,2021,37.397,38.062565
OR,2022,38.942,36.982693
OR,2023,38.938,37.616684
PA,2012,249.303,236.31476
PA,2013,249.249,246.17012
PA,2014,232.444,242.80594
PA,2015,217.304,230.44698
PA,2016,214.616,210.21913
PA,2017,219.535,211.0943
PA,2018,218.446,220.55536
PA,2019,192.928,212.95036
PA,2020,214.124,202.8198
PA,2021,213.86,196.71642
PA,2022,200.508,204.58966
PA,2023,201.57,201.27924
RI,2012,10.064,9.728748
RI,2013,10.497,9.695608
RI,2014,10.69,9.72962
RI,2015,9.476,10.031785
RI,2016,9.817,9.052814
RI,2017,10.887,9.656322
RI,2018,10.212,10.910861
RI,2019,9.698,9.628596
RI,2020,10.616,9.036461
RI,2021,10.128,10.681612
RI,2022,11.161,9.365503
RI,2023,11.045,10.446099
SC,2012,70.053,73.799095
SC,2013,74.556,69.6745
SC,2014,73.146,72.28851
SC,2015,71.871,73.67965
SC,2016,69.613,70.950005
SC,2017,73.839,69.00223
SC,2018,69.217,72.39273
SC,2019,63.285,66.69577
SC,2020,69.111,64.63948
SC,2021,67.586,67.69902
SC,2022,69.107,67.00202
SC,2023,70.812,68.06744
SD,2012,15.331,15.168767
SD,2013,15.354,15.576985
SD,2014,14.078,15.230678
SD,2015,14.714,13.997828
SD,2016,14.575,14.536929
SD,2017,15.451,14.963539
SD,2018,15.95,15.948317
SD,2019,14.902,15.211379
SD,2020,15.113,14.498199
SD,2021,15.458,15.218052
SD,2022,15.195,15.43456
SD,2023,15.113,15.056359
TN,2012,97.048,97.78411
TN,2013,102.327,95.14106
TN,2014,98.389,99.11868
TN,2015,100.898,95.43152
TN,2016,96.988,97.29009
TN,2017,93.456,93.67602
TN,2018,92.014,94.00674
TN,2019,83.043,87.687805
TN,2020,92.325,82.85837
TN,2021,91.48,86.36736
TN,2022,88.399,85.87534
TN,2023,90.46,84.07222
TX,2012,657.257,623.4064
TX,2013,661.27,639.865
TX,2014,652.844,618.9423
TX,2015,653.535,634.98773
TX,2016,662.035,634.04913
TX,2017,681.981,634.3689
TX,2018,682.83,635.1914
TX,2019,626.644,633.9903
TX,2020,664.004,612.49725
TX,2021,667.641,638.8184
TX,2022,672.456,631.1181
TX,2023,679.932,634.22076
UT,2012,66.533,63.12384
UT,2013,65.305,65.39715
UT,2014,63.598,62.966675
UT,2015,58.764,63.276604
UT,2016,58.987,60.558445
UT,2017,61.197,57.94145
UT,2018,61.453,57.687954
UT,2019,57.309,59.535828
UT,2020,62.111,58.429554
UT,2021,60.22,58.719204
UT,2022,54.476,60.44098
UT,2023,55.034,58.14977
VA,2012,105.449,96.35041
VA,2013,107.146,100.58278
VA,2014,107.235,100.78005
VA,2015,109.534,101.44318
VA,2016,105.087,103.10016
VA,2017,109.582,101.151566
VA,2018,106.407,101.21322
VA,2019,97.81,101.631454
VA,2020,98.135,97.2714
VA,2021,96.374,96.40637
VA,2022,95.217,93.169685
VA,2023,99.238,92.85003
VT,2012,5.709,5.0882826
VT,2013,5.874,5.5405984
VT,2014,6.106,5.453815
VT,2015,5.882,5.489474
VT,2016,5.803,5.552229
VT,2017,5.832,5.317499
VT,2018,6.005,5.5065436
VT,2019,5.404,5.306908
VT,2020,5.549,4.8172936
VT,2021,5.513,4.7923784
VT,2022,5.42,5.124122
VT,2023,5.355,5.0812826
WA,2012,73.746,66.57989
WA,2013,72.346,72.42763
WA,2014,74.888,69.21099
WA,2015,79.161,69.55897
WA,2016,78.9,74.95872
WA,2017,78.413,76.130806
WA,2018,84.033,76.908806
WA,2019,68.293,80.1675
WA,2020,73.571,73.86334
WA,2021,74.963,72.71298
WA,2022,75.675,72.189964
WA,2023,73.808,73.66367
WI,2012,101.159,90.33356
WI,2013,101.093,96.910324
WI,2014,99.602,95.09509
WI,2015,95.262,94.77714
WI,2016,98.328,91.94226
WI,2017,100.879,95.85732
WI,2018,94.685,95.87032
WI,2019,86.84,93.12323
WI,2020,92.471,88.805824
WI,2021,90.9,90.816895
WI,2022,87.747,87.03942
WI,2023,85.124,84.4503
WV,2012,94.25,94.54581
WV,2013,99.869,94.67725
WV,2014,91.862,98.17067
WV,2015,94.289,92.19986
WV,2016,90.675,93.212975
WV,2017,88.967,89.97059
WV,2018,85.384,91.30714
WV,2019,76.822,84.75742
WV,2020,88.305,80.13016
WV,2021,79.189,86.457405
WV,2022,74.743,81.08412
WV,2023,72.278,74.59705
WY,2012,69.019,65.01984
WY,2013,65.968,66.26129
WY,2014,64.066,64.97415
WY,2015,61.201,63.64556
WY,2016,62.77,63.368183
WY,2017,63.811,62.4126
WY,2018,59.09,62.608437
WY,2019,55.584,62.022614
WY,2020,54.557,56.467842
WY,2021,56.368,56.42355
WY,2022,54.443,56.31984
WY,2023,50.004,56.964565
