state,year,co2_next_year,risk_class,predicted_risk,correct
AK,2012,34.298,Low,Low,True
AK,2013,34.163,Low,Low,True
AK,2014,35.073,Low,Low,True
AK,2015,33.449,Low,Low,True
AK,2016,33.778,Low,Low,True
AK,2017,34.573,Low,Low,True
AK,2018,34.459,Low,Low,True
AK,2019,36.236,Low,Low,True
AK,2020,39.969,Low,Low,True
AK,2021,42.327,Medium,Low,False
AK,2022,43.365,Medium,Low,False
AK,2023,44.008,Medium,Medium,True
AL,2012,120.33,High,High,True
AL,2013,122.536,High,High,True
AL,2014,118.91,High,High,True
AL,2015,113.51,High,High,True
AL,2016,108.168,High,High,True
AL,2017,112.021,High,High,True
AL,2018,106.084,High,High,True
AL,2019,98.168,Medium,High,False
AL,2020,108.543,High,Medium,False
AL,2021,109.576,High,High,True
AL,2022,101.009,High,High,True
AL,2023,104.323,High,High,True
AR,2012,68.299,Medium,Medium,True
AR,2013,68.736,Medium,Medium,True
AR,2014,58.801,Medium,Medium,True
AR,2015,61.788,Medium,Medium,True
AR,2016,63.851,Medium,Medium,True
AR,2017,70.495,Medium,Medium,True
AR,2018,64.891,Medium,Medium,True
AR,2019,54.541,Medium,Medium,True
AR,2020,61.836,Medium,Medium,True
AR,2021,63.372,Medium,Medium,True
AR,2022,60.456,Medium,Medium,True
AR,2023,58.415,Medium,Medium,True
AZ,2012,99.334,Medium,Medium,True
AZ,2013,97.323,Medium,Medium,True
AZ,2014,94.934,Medium,Medium,True
AZ,2015,90.83,Medium,Medium,True
AZ,2016,90.454,Medium,Medium,True
AZ,2017,94.042,Medium,Medium,True
AZ,2018,92.514,Medium,Medium,True
AZ,2019,80.147,Medium,Medium,True
AZ,2020,82.897,Medium,Medium,True
AZ,2021,80.462,Medium,Medium,True
AZ,2022,83.286,Medium,Medium,True
AZ,2023,82.197,Medium,Medium,True
CA,2012,347.528,High,High,True
CA,2013,343.268,High,High,True
CA,2014,347.36,High,High,True
CA,2015,348.957,High,High,True
CA,2016,352.385,High,High,True
CA,2017,355.096,High,High,True
CA,2018,355.017,High,High,True
CA,2019,300.104,High,High,True
CA,2020,322.322,High,High,True
CA,2021,324.564,High,High,True
CA,2022,324.499,High,High,True
CA,2023,315.984,High,High,True
CO,2012,92.054,Medium,Medium,True
CO,2013,92.659,Medium,Medium,True
CO,2014,91.023,Medium,Medium,True
CO,2015,88.089,Medium,Medium,True
CO,2016,88.447,Medium,Medium,True
CO,2017,89.672,Medium,Medium,True
CO,2018,91.371,Medium,Medium,True
CO,2019,79.569,Medium,Medium,True
CO,2020,84.878,Medium,Medium,True
CO,2021,86.558,Medium,Medium,True
CO,2022,82.449,Medium,Medium,True
CO,2023,79.572,Medium,Medium,True
CT,2012,34.595,Low,Low,True
CT,2013,34.934,Low,Low,True
CT,2014,36.244,Low,Low,True
CT,2015,33.694,Low,Low,True
CT,2016,33.469,Low,Low,True
CT,2017,36.957,Low,Low,True
CT,2018,36.248,Low,Low,True
CT,2019,33.443,Low,Low,True
CT,2020,36.24,Low,Low,True
CT,2021,36.985,Low,Low,True
CT,2022,36.041,Low,Low,True
CT,2023,37.092,Low,Low,True
DC,2012,2.819,Low,Low,True
DC,2013,3.008,Low,Low,True
DC,2014,2.953,Low,Low,True
DC,2015,2.751,Low,Low,True
DC,2016,2.58,Low,Low,True
DC,2017,2.852,Low,Low,True
DC,2018,2.801,Low,Low,True
DC,2019,2.395,Low,Low,True
DC,2020,2.583,Low,Low,True
DC,2021,2.648,Low,Low,True
DC,2022,2.457,Low,Low,True
DC,2023,2.506,Low,Low,True
DE,2012,14.038,Low,Low,True
DE,2013,13.772,Low,Low,True
DE,2014,13.87,Low,Low,True
DE,2015,14.374,Low,Low,True
DE,2016,13.724,Low,Low,True
DE,2017,13.947,Low,Low,True
DE,2018,13.572,Low,Low,True
DE,2019,12.192,Low,Low,True
DE,2020,12.688,Low,Low,True
DE,2021,12.719,Low,Low,True
DE,2022,12.2,Low,Low,True
DE,2023,11.523,Low,Low,True
FL,2012,226.501,High,High,True
FL,2013,232.579,High,High,True
FL,2014,236.685,High,High,True
FL,2015,237.81,High,High,True
FL,2016,237.498,High,High,True
FL,2017,241.154,High,High,True
FL,2018,232.922,High,High,True
FL,2019,207.02,High,High,True
FL,2020,225.711,High,High,True
FL,2021,231.5,High,High,True
FL,2022,229.833,High,High,True
FL,2023,230.847,High,High,True
GA,2012,142.644,High,High,True
GA,2013,147.875,High,High,True
GA,2014,145.274,High,High,True
GA,2015,143.991,High,High,True
GA,2016,141.265,High,High,True
GA,2017,141.548,High,High,True
GA,2018,136.268,High,High,True
GA,2019,116.302,High,High,True
GA,2020,123.963,High,High,True
GA,2021,125.023,High,High,True
GA,2022,127.675,High,High,True
GA,2023,127.826,High,High,True
HI,2012,19.94,Low,Low,True
HI,2013,19.38,Low,Low,True
HI,2014,19.544,Low,Low,True
HI,2015,19.568,Low,Low,True
HI,2016,20.161,Low,Low,True
HI,2017,20.045,Low,Low,True
HI,2018,20.293,Low,Low,True
HI,2019,14.737,Low,Low,True
HI,2020,17.178,Low,Low,True
HI,2021,18.103,Low,Low,True
HI,2022,17.967,Low,Low,True
HI,2023,17.955,Low,Low,True
IA,2012,80.662,Medium,Medium,True
IA,2013,81.573,Medium,Medium,True
IA,2014,75.344,Medium,Medium,True
IA,2015,71.905,Medium,Medium,True
IA,2016,73.839,Medium,Medium,True
IA,2017,79.855,Medium,Medium,True
IA,2018,75.125,Medium,Medium,True
IA,2019,63.357,Medium,Medium,True
IA,2020,71.166,Medium,Medium,True
IA,2021,71.577,Medium,Medium,True
IA,2022,67.89,Medium,Medium,True
IA,2023,65.232,Medium,Medium,True
ID,2012,17.252,Low,Low,True
ID,2013,16.846,Low,Low,True
ID,2014,18.016,Low,Low,True
ID,2015,18.284,Low,Low,True
ID,2016,18.664,Low,Low,True
ID,2017,18.994,Low,Low,True
ID,2018,20.026,Low,Low,True
ID,2019,19.323,Low,Low,True
ID,2020,20.437,Low,Low,True
ID,2021,20.872,Low,Low,True
ID,2022,21.819,Low,Low,True
ID,2023,21.105,Low,Low,True
IL,2012,231.938,High,High,True
IL,2013,234.908,High,High,True
IL,2014,216.869,High,High,True
IL,2015,205.223,High,High,True
IL,2016,203.549,High,High,True
IL,2017,210.49,High,High,True
IL,2018,201.21,High,High,True
IL,2019,167.731,High,High,True
IL,2020,182.652,High,High,True
IL,2021,183.07,High,High,True
IL,2022,166.195,High,High,True
IL,2023,163.981,High,High,True
IN,2012,199.708,High,High,True
IN,2013,205.455,High,High,True
IN,2014,186.616,High,High,True
IN,2015,181.047,High,High,True
IN,2016,175.199,High,High,True
IN,2017,188.552,High,High,True
IN,2018,175.82,High,High,True
IN,2019,153.976,High,High,True
IN,2020,165.787,High,High,True
IN,2021,163.535,High,High,True
IN,2022,153.606,High,High,True
IN,2023,152.299,High,High,True
KS,2012,69.639,Medium,Medium,True
KS,2013,70.213,Medium,Medium,True
KS,2014,64.276,Medium,Medium,True
KS,2015,62.302,Medium,Medium,True
KS,2016,58.75,Medium,Medium,True
KS,2017,62.6,Medium,Medium,True
KS,2018,60.333,Medium,Medium,True
KS,2019,57.574,Medium,Medium,True
KS,2020,59.657,Medium,Medium,True
KS,2021,62.417,Medium,Medium,True
KS,2022,56.919,Medium,Medium,True
KS,2023,55.09,Medium,Medium,True
KY,2012,138.832,High,High,True
KY,2013,139.575,High,High,True
KY,2014,130.455,High,High,True
KY,2015,125.79,High,High,True
KY,2016,115.807,High,High,True
KY,2017,121.764,High,High,True
KY,2018,114.553,High,High,True
KY,2019,101.056,High,High,True
KY,2020,110.651,High,High,True
KY,2021,109.644,High,High,True
KY,2022,104.56,High,High,True
KY,2023,106.871,High,High,True
LA,2012,189.484,High,High,True
LA,2013,186.807,High,High,True
LA,2014,185.068,High,High,True
LA,2015,188.498,High,High,True
LA,2016,192.867,High,High,True
LA,2017,194.305,High,High,True
LA,2018,195.398,High,High,True
LA,2019,183.341,High,High,True
LA,2020,188.67,High,High,True
LA,2021,193.627,High,High,True
LA,2022,186.845,High,High,True
LA,2023,186.893,High,High,True
MA,2012,66.384,Medium,Medium,True
MA,2013,64.865,Medium,Medium,True
MA,2014,66.605,Medium,Medium,True
MA,2015,63.88,Medium,Medium,True
MA,2016,64.532,Medium,Medium,True
MA,2017,63.946,Medium,Medium,True
MA,2018,63.224,Medium,Medium,True
MA,2019,52.16,Medium,Medium,True
MA,2020,56.074,Medium,Medium,True
MA,2021,59.312,Medium,Medium,True
MA,2022,56.742,Medium,Medium,True
MA,2023,58.072,Medium,Medium,True
MD,2012,61.475,Medium,Medium,True
MD,2013,64.043,Medium,Medium,True
MD,2014,62.052,Medium,Medium,True
MD,2015,60.175,Medium,Medium,True
MD,2016,54.771,Medium,Medium,True
MD,2017,61.459,Medium,Medium,True
MD,2018,56.702,Medium,Medium,True
MD,2019,47.778,Medium,Medium,True
MD,2020,52.31,Medium,Medium,True
MD,2021,50.639,Medium,Medium,True
MD,2022,48.977,Medium,Medium,True
MD,2023,48.766,Medium,Medium,True
ME,2012,16.337,Low,Low,True
ME,2013,16.417,Low,Low,True
ME,2014,16.627,Low,Low,True
ME,2015,16.074,Low,Low,True
ME,2016,15.274,Low,Low,True
ME,2017,14.707,Low,Low,True
ME,2018,14.393,Low,Low,True
ME,2019,13.456,Low,Low,True
ME,2020,14.372,Low,Low,True
ME,2021,14.991,Low,Low,True
ME,2022,15.378,Low,Low,True
ME,2023,15.994,Low,Low,True
MI,2012,163.922,High,High,True
MI,2013,163.804,High,High,True
MI,2014,164.139,High,High,True
MI,2015,154.055,High,High,True
MI,2016,155.278,High,High,True
MI,2017,163.322,High,High,True
MI,2018,159.031,High,High,True
MI,2019,136.558,High,High,True
MI,2020,147.662,High,High,True
MI,2021,154.36,High,High,True
MI,2022,140.979,High,High,True
MI,2023,143.105,High,High,True
MN,2012,90.405,Medium,Medium,True
MN,2013,95.326,Medium,Medium,True
MN,2014,88.53,Medium,Medium,True
MN,2015,90.232,Medium,Medium,True
MN,2016,90.418,Medium,Medium,True
MN,2017,93.512,Medium,Medium,True
MN,2018,90.663,Medium,Medium,True
MN,2019,77.11,Medium,Medium,True
MN,2020,82.587,Medium,Medium,True
MN,2021,84.259,Medium,Medium,True
MN,2022,80.817,Medium,Medium,True
MN,2023,77.89,Medium,Medium,True
MO,2012,133.642,High,High,True
MO,2013,133.168,High,High,True
MO,2014,124.375,High,High,True
MO,2015,118.509,High,High,True
MO,2016,124.042,High,High,True
MO,2017,124.378,High,High,True
MO,2018,116.668,High,High,True
MO,2019,108.354,High,High,True
MO,2020,116.558,High,High,True
MO,2021,113.1,High,High,True
MO,2022,101.275,High,High,True
MO,2023,98.033,Medium,High,False
MS,2012,56.96,Medium,Medium,True
MS,2013,59.675,Medium,Medium,True
MS,2014,61.079,Medium,Medium,True
MS,2015,61.976,Medium,Medium,True
MS,2016,60.161,Medium,Medium,True
MS,2017,62.974,Medium,Medium,True
MS,2018,62.4,Medium,Medium,True
MS,2019,62.938,Medium,Medium,True
MS,2020,62.836,Medium,Medium,True
MS,2021,65.056,Medium,Medium,True
MS,2022,63.914,Medium,Medium,True
MS,2023,64.747,Medium,Medium,True
MT,2012,32.155,Low,Low,True
MT,2013,32.604,Low,Low,True
MT,2014,32.535,Low,Low,True
MT,2015,31.148,Low,Low,True
MT,2016,31.27,Low,Low,True
MT,2017,31.272,Low,Low,True
MT,2018,32.321,Low,Low,True
MT,2019,26.236,Low,Low,True
MT,2020,28.497,Low,Low,True
MT,2021,29.643,Low,Low,True
MT,2022,29.414,Low,Low,True
MT,2023,27.163,Low,Low,True
NC,2012,125.864,High,High,True
NC,2013,128.958,High,High,True
NC,2014,124.365,High,High,True
NC,2015,124.324,High,High,True
NC,2016,120.602,High,High,True
NC,2017,123.708,High,High,True
NC,2018,122.25,High,High,True
NC,2019,106.175,High,High,True
NC,2020,115.271,High,High,True
NC,2021,116.811,High,High,True
NC,2022,111.142,High,High,True
NC,2023,119.073,High,High,True
ND,2012,56.895,Medium,Medium,True
ND,2013,58.921,Medium,Medium,True
ND,2014,57.55,Medium,Medium,True
ND,2015,54.524,Medium,Medium,True
ND,2016,56.453,Medium,Medium,True
ND,2017,58.808,Medium,Medium,True
ND,2018,56.804,Medium,Medium,True
ND,2019,55.535,Medium,Medium,True
ND,2020,56.219,Medium,Medium,True
ND,2021,57.458,Medium,Medium,True
ND,2022,54.453,Medium,Medium,True
ND,2023,55.146,Medium,Medium,True
NE,2012,53.354,Medium,Medium,True
NE,2013,52.035,Medium,Medium,True
NE,2014,50.531,Medium,Medium,True
NE,2015,48.09,Medium,Medium,True
NE,2016,47.598,Medium,Medium,True
NE,2017,52.111,Medium,Medium,True
NE,2018,50.333,Medium,Medium,True
NE,2019,46.373,Medium,Medium,True
NE,2020,47.106,Medium,Medium,True
NE,2021,48.249,Medium,Medium,True
NE,2022,45.527,Medium,Medium,True
NE,2023,43.538,Medium,Medium,True
NH,2012,14.409,Low,Low,True
NH,2013,15.127,Low,Low,True
NH,2014,15.239,Low,Low,True
NH,2015,13.764,Low,Low,True
NH,2016,13.468,Low,Low,True
NH,2017,14.198,Low,Low,True
NH,2018,13.907,Low,Low,True
NH,2019,12.381,Low,Low,True
NH,2020,13.282,Low,Low,True
NH,2021,13.818,Low,Low,True
NH,2022,13.493,Low,Low,True
NH,2023,13.602,Low,Low,True
NJ,2012,100.197,High,Medium,False
NJ,2013,104.629,High,Medium,False
NJ,2014,103.332,High,Medium,False
NJ,2015,105.123,High,Medium,False
NJ,2016,98.947,Medium,Medium,True
NJ,2017,104.718,High,Medium,False
NJ,2018,100.578,High,Medium,False
NJ,2019,83.511,Medium,Medium,True
NJ,2020,88.746,Medium,Medium,True
NJ,2021,92.749,Medium,Medium,True
NJ,2022,91.419,Medium,Medium,True
NJ,2023,87.844,Medium,Medium,True
NM,2012,53.705,Medium,Medium,True
NM,2013,50.536,Medium,Medium,True
NM,2014,50.53,Medium,Medium,True
NM,2015,48.692,Medium,Medium,True
NM,2016,49.459,Medium,Medium,True
NM,2017,45.681,Medium,Medium,True
NM,2018,48.807,Medium,Medium,True
NM,2019,45.095,Medium,Medium,True
NM,2020,45.88,Medium,Medium,True
NM,2021,46.622,Medium,Medium,True
NM,2022,42.116,Medium,Medium,True
NM,2023,41.631,Low,Medium,False
NV,2012,39.768,Low,Low,True
NV,2013,40.583,Low,Low,True
NV,2014,38.507,Low,Low,True
NV,2015,39.963,Low,Low,True
NV,2016,40.195,Low,Low,True
NV,2017,41.373,Low,Low,True
NV,2018,41.754,Low,Low,True
NV,2019,36.212,Low,Low,True
NV,2020,39.466,Low,Low,True
NV,2021,40.465,Low,Low,True
NV,2022,39.129,Low,Low,True
NV,2023,39.278,Low,Low,True
NY,2012,168.678,High,High,True
NY,2013,175.796,High,High,True
NY,2014,173.78,High,High,True
NY,2015,169.387,High,High,True
NY,2016,165.115,High,High,True
NY,2017,174.168,High,High,True
NY,2018,168.234,High,High,True
NY,2019,142.643,High,High,True
NY,2020,157.66,High,High,True
NY,2021,166.232,High,High,True
NY,2022,164.145,High,High,True
NY,2023,163.685,High,High,True
OH,2012,227.65,High,High,True
OH,2013,229.407,High,High,True
OH,2014,210.584,High,High,True
OH,2015,204.515,High,High,True
OH,2016,204.281,High,High,True
OH,2017,208.249,High,High,True
OH,2018,195.646,High,High,True
OH,2019,184.865,High,High,True
OH,2020,193.554,High,High,True
OH,2021,196.405,High,High,True
OH,2022,184.825,High,High,True
OH,2023,186.335,High,High,True
OK,2012,102.835,High,High,True
OK,2013,104.297,High,High,True
OK,2014,99.875,Medium,High,False
OK,2015,95.539,Medium,Medium,True
OK,2016,92.919,Medium,Medium,True
OK,2017,98.07,Medium,Medium,True
OK,2018,91.242,Medium,Medium,True
OK,2019,83.962,Medium,Medium,True
OK,2020,87.622,Medium,Medium,True
OK,2021,86.977,Medium,Medium,True
OK,2022,86.631,Medium,Medium,True
OK,2023,88.558,Medium,Medium,True
OR,2012,38.761,Low,Low,True
OR,2013,37.579,Low,Low,True
OR,2014,37.588,Low,Low,True
OR,2015,37.199,Low,Low,True
OR,2016,38.281,Low,Low,True
OR,2017,39.051,Low,Low,True
OR,2018,41.245,Low,Low,True
OR,2019,36.813,Low,Low,True
OR,2020,38.059,Low,Low,True
OR,2021,37.397,Low,Low,True
OR,2022,38.942,Low,Low,True
OR,2023,38.938,Low,Low,True
PA,2012,249.303,High,High,True
PA,2013,249.249,High,High,True
PA,2014,232.444,High,High,True
PA,2015,217.304,High,High,True
PA,2016,214.616,High,High,True
PA,2017,219.535,High,High,True
PA,2018,218.446,High,High,True
PA,2019,192.928,High,High,True
PA,2020,214.124,High,High,True
PA,2021,213.86,High,High,True
PA,2022,200.508,High,High,True
PA,2023,201.57,High,High,True
RI,2012,10.064,Low,Low,True
RI,2013,10.497,Low,Low,True
RI,2014,10.69,Low,Low,True
RI,2015,9.476,Low,Low,True
RI,2016,9.817,Low,Low,True
RI,2017,10.887,Low,Low,True
RI,2018,10.212,Low,Low,True
RI,2019,9.698,Low,Low,True
RI,2020,10.616,Low,Low,True
RI,2021,10.128,Low,Low,True
RI,2022,11.161,Low,Low,True
RI,2023,11.045,Low,Low,True
SC,2012,70.053,Medium,Medium,True
SC,2013,74.556,Medium,Medium,True
SC,2014,73.146,Medium,Medium,True
SC,2015,71.871,Medium,Medium,True
SC,2016,69.613,Medium,Medium,True
SC,2017,73.839,Medium,Medium,True
SC,2018,69.217,Medium,Medium,True
SC,2019,63.285,Medium,Medium,True
SC,2020,69.111,Medium,Medium,True
SC,2021,67.586,Medium,Medium,True
SC,2022,69.107,Medium,Medium,True
SC,2023,70.812,Medium,Medium,True
SD,2012,15.331,Low,Low,True
SD,2013,15.354,Low,Low,True
SD,2014,14.078,Low,Low,True
SD,2015,14.714,Low,Low,True
SD,2016,14.575,Low,Low,True
SD,2017,15.451,Low,Low,True
SD,2018,15.95,Low,Low,True
SD,2019,14.902,Low,Low,True
SD,2020,15.113,Low,Low,True
SD,2021,15.458,Low,Low,True
SD,2022,15.195,Low,Low,True
SD,2023,15.113,Low,Low,True
TN,2012,97.048,Medium,Medium,True
TN,2013,102.327,High,Medium,False
TN,2014,98.389,Medium,Medium,True
TN,2015,100.898,High,Medium,False
TN,2016,96.988,Medium,Medium,True
TN,2017,93.456,Medium,Medium,True
TN,2018,92.014,Medium,Medium,True
TN,2019,83.043,Medium,Medium,True
TN,2020,92.325,Medium,Medium,True
TN,2021,91.48,Medium,Medium,True
TN,2022,88.399,Medium,Medium,True
TN,2023,90.46,Medium,Medium,True
TX,2012,657.257,High,High,True
TX,2013,661.27,High,High,True
TX,2014,652.844,High,High,True
TX,2015,653.535,High,High,True
TX,2016,662.035,High,High,True
TX,2017,681.981,High,High,True
TX,2018,682.83,High,High,True
TX,2019,626.644,High,High,True
TX,2020,664.004,High,High,True
TX,2021,667.641,High,High,True
TX,2022,672.456,High,High,True
TX,2023,679.932,High,High,True
UT,2012,66.533,Medium,Medium,True
UT,2013,65.305,Medium,Medium,True
UT,2014,63.598,Medium,Medium,True
UT,2015,58.764,Medium,Medium,True
UT,2016,58.987,Medium,Medium,True
UT,2017,61.197,Medium,Medium,True
UT,2018,61.453,Medium,Medium,True
UT,2019,57.309,Medium,Medium,True
UT,2020,62.111,Medium,Medium,True
UT,2021,60.22,Medium,Medium,True
UT,2022,54.476,Medium,Medium,True
UT,2023,55.034,Medium,Medium,True
VA,2012,105.449,High,Medium,False
VA,2013,107.146,High,Medium,False
VA,2014,107.235,High,Medium,False
VA,2015,109.534,High,Medium,False
VA,2016,105.087,High,Medium,False
VA,2017,109.582,High,Medium,False
VA,2018,106.407,High,High,True
VA,2019,97.81,Medium,Medium,True
VA,2020,98.135,Medium,Medium,True
VA,2021,96.374,Medium,Medium,True
VA,2022,95.217,Medium,Medium,True
VA,2023,99.238,Medium,Medium,True
VT,2012,5.709,Low,Low,True
VT,2013,5.874,Low,Low,True
VT,2014,6.106,Low,Low,True
VT,2015,5.882,Low,Low,True
VT,2016,5.803,Low,Low,True
VT,2017,5.832,Low,Low,True
VT,2018,6.005,Low,Low,True
VT,2019,5.404,Low,Low,True
VT,2020,5.549,Low,Low,True
VT,2021,5.513,Low,Low,True
VT,2022,5.42,Low,Low,True
VT,2023,5.355,Low,Low,True
WA,2012,73.746,Medium,Medium,True
WA,2013,72.346,Medium,Medium,True
WA,2014,74.888,Medium,Medium,True
WA,2015,79.161,Medium,Medium,True
WA,2016,78.9,Medium,Medium,True
WA,2017,78.413,Medium,Medium,True
WA,2018,84.033,Medium,Medium,True
WA,2019,68.293,Medium,Medium,True
WA,2020,73.571,Medium,Medium,True
WA,2021,74.963,Medium,Medium,True
WA,2022,75.675,Medium,Medium,True
WA,2023,73.808,Medium,Medium,True
WI,2012,101.159,High,Medium,False
WI,2013,101.093,High,Medium,False
WI,2014,99.602,Medium,Medium,True
WI,2015,95.262,Medium,Medium,True
WI,2016,98.328,Medium,Medium,True
WI,2017,100.879,High,Medium,False
WI,2018,94.685,Medium,Medium,True
WI,2019,86.84,Medium,Medium,True
WI,2020,92.471,Medium,Medium,True
WI,2021,90.9,Medium,Medium,True
WI,2022,87.747,Medium,Medium,True
WI,2023,85.124,Medium,Medium,True
WV,2012,94.25,Medium,Medium,True
WV,2013,99.869,Medium,Medium,True
WV,2014,91.862,Medium,Medium,True
WV,2015,94.289,Medium,Medium,True
WV,2016,90.675,Medium,Medium,True
WV,2017,88.967,Medium,Medium,True
WV,2018,85.384,Medium,Medium,True
WV,2019,76.822,Medium,Medium,True
WV,2020,88.305,Medium,Medium,True
WV,2021,79.189,Medium,Medium,True
WV,2022,74.743,Medium,Medium,True
WV,2023,72.278,Medium,Medium,True
WY,2012,69.019,Medium,Medium,True
WY,2013,65.968,Medium,Medium,True
WY,2014,64.066,Medium,Medium,True
WY,2015,61.201,Medium,Medium,True
WY,2016,62.77,Medium,Medium,True
WY,2017,63.811,Medium,Medium,True
WY,2018,59.09,Medium,Medium,True
WY,2019,55.584,Medium,Medium,True
WY,2020,54.557,Medium,Medium,True
WY,2021,56.368,Medium,Medium,True
WY,2022,54.443,Medium,Medium,True
WY,2023,50.004,Medium,Medium,True
